"1","2","155"
"2","2","156"
"3","3","166"
"4","14","14"
"5","20","2587"
"6","25","2824"
"7","25","2825"
"8","25","2826"
"9","25","2827"
"10","25","2828"
"11","35","3895"
"12","37","4460"
"13","45","4970"
"14","45","4971"
"15","47","5199"
"16","58","5312"
"17","60","5324"
"18","61","5325"
"19","61","5326"
"20","61","5327"
"21","61","5328"
"22","61","5329"
"23","61","5330"
"24","62","5331"
"25","62","5331"
"26","62","5332"
"27","64","64"
"28","64","5366"
"29","64","5367"
"30","64","5368"
"31","64","5369"
"32","64","5369"
"33","64","5370"
"34","64","5370"
"35","64","5371"
"36","64","5372"
"37","65","5385"
"38","65","5386"
"39","65","391"
"40","65","5387"
"41","65","5388"
"42","67","5416"
"43","67","5417"
"44","70","5444"
"45","70","70"
"46","70","70"
"47","70","70"
"48","70","5445"
"49","70","3604"
"50","70","3671"
"51","70","70"
"52","70","5446"
"53","70","5446"
"54","78","5492"
"55","78","5493"
"56","78","5494"
"57","87","5567"
"58","91","2786"
"59","91","2786"
"60","94","5685"
"61","94","5686"
"62","97","5691"
"63","97","5692"
"64","97","5693"
"65","97","5694"
"66","97","5695"
"67","97","5695"
"68","97","5696"
"69","98","98"
"70","99","5700"
"71","106","5901"
"72","117","6166"
"73","117","6167"
"74","117","6168"
"75","117","882"
"76","117","6169"
"77","117","6169"
"78","117","6170"
"79","117","6171"
"80","117","6172"
"81","117","6172"
"82","131","6834"
"83","129","129"
"84","129","129"
"85","129","129"
"86","129","6835"
"87","129","6835"
"88","129","6835"
"89","129","6836"
"90","129","6836"
"91","126","126"
"92","129","6836"
"93","126","126"
"94","126","126"
"95","126","126"
"96","126","126"
"97","126","126"
"98","126","126"
"99","126","6837"
"100","126","1456"
"101","126","126"
"102","133","476"
"103","144","7327"
"104","144","7328"
"105","143","7"
"106","144","7327"
"107","144","7327"
"108","144","7327"
"109","145","7329"
"110","138","7330"
"111","143","7331"
"112","133","7332"
"113","145","7333"
"114","145","7329"
"115","138","7334"
"116","133","7335"
"117","143","7331"
"118","145","7333"
"119","145","70"
"120","138","7336"
"121","133","7337"
"122","143","7338"
"123","145","7339"
"124","138","7340"
"125","145","70"
"126","143","7341"
"127","133","7342"
"128","145","7343"
"129","138","7344"
"130","145","7339"
"131","143","7341"
"132","138","7345"
"133","145","7343"
"134","145","7343"
"135","138","138"
"136","145","7346"
"137","145","7343"
"138","145","7331"
"139","138","138"
"140","145","7346"
"141","145","7347"
"142","145","7331"
"143","138","7348"
"144","145","7331"
"145","145","7347"
"146","138","7349"
"147","145","7331"
"148","148","8799"
"149","149","114"
"150","148","8799"
"151","149","8800"
"152","148","8799"
"153","149","149"
"154","149","149"
"155","149","149"
"156","156","8933"
"157","156","8933"
"158","156","156"
"159","155","8934"
"160","156","8933"
"161","156","156"
"162","156","8933"
"163","156","8933"
"164","156","156"
"165","155","8934"
"166","156","8933"
"167","156","156"
"168","156","156"
"169","156","156"
"170","156","8933"
"171","156","156"
"172","156","8935"
"173","155","8936"
"174","156","156"
"175","156","8933"
"176","156","156"
"177","156","156"
"178","156","8935"
"179","156","156"
"180","156","156"
"181","156","8937"
"182","156","8933"
"183","155","8936"
"184","156","156"
"185","156","156"
"186","156","8935"
"187","156","8935"
"188","156","8937"
"189","156","156"
"190","156","8935"
"191","156","156"
"192","156","156"
"193","156","8935"
"194","156","156"
"195","156","8937"
"196","156","8937"
"197","156","156"
"198","156","8935"
"199","156","8937"
"200","156","156"
"201","156","8935"
"202","156","8937"
"203","156","156"
"204","156","156"
"205","156","8937"
"206","156","156"
"207","156","8935"
"208","156","156"
"209","156","8937"
"210","156","156"
"211","156","8937"
"212","156","156"
"213","156","156"
"214","161","9697"
"215","161","9697"
"216","161","9697"
"217","161","9697"
"218","161","9697"
"219","157","9698"
"220","157","9698"
"221","161","9697"
"222","161","9697"
"223","161","9697"
"224","157","7928"
"225","157","7928"
"226","158","158"
"227","161","9697"
"228","157","9699"
"229","157","9699"
"230","161","9697"
"231","161","9697"
"232","161","9697"
"233","158","9700"
"234","157","9380"
"235","157","9380"
"236","157","9701"
"237","157","9701"
"238","157","9416"
"239","157","9416"
"240","157","9702"
"241","157","9702"
"242","157","9703"
"243","157","9703"
"244","157","9705"
"245","157","9704"
"246","157","9704"
"247","157","9704"
"248","164","8935"
"249","164","8935"
"250","166","166"
"251","164","8935"
"252","164","8935"
"253","164","8935"
"254","166","166"
"255","164","8935"
"256","164","11790"
"257","164","11790"
"258","166","166"
"259","164","11790"
"260","166","166"
"261","166","166"
"262","166","166"
"263","166","166"
"264","166","166"
"265","166","166"
"266","166","166"
"267","172","172"
"268","172","172"
"269","172","172"
"270","172","172"
"271","172","172"
"272","172","172"
"273","171","10222"
"274","172","172"
"275","171","11992"
"276","172","172"
"277","171","11992"
"278","171","11993"
"279","171","11992"
"280","171","11994"
"281","171","11994"
"282","171","11994"
"283","171","11994"
"284","171","11995"
"285","186","13216"
"286","182","13217"
"287","182","13217"
"288","182","13218"
"289","182","13218"
"290","182","13219"
"291","182","13219"
"292","209","15797"
"293","209","15797"
"294","209","15798"
"295","209","15798"
"296","209","15799"
"297","209","15797"
"298","209","15799"
"299","209","15800"
"300","209","15798"
"301","209","15800"
"302","209","15801"
"303","209","15799"
"304","209","15801"
"305","209","1558"
"306","209","15800"
"307","209","1558"
"308","209","15802"
"309","209","15801"
"310","209","15802"
"311","209","15803"
"312","209","1558"
"313","209","15803"
"314","209","15803"
"315","209","15802"
"316","209","15803"
"317","209","15804"
"318","209","15803"
"319","209","15804"
"320","209","15803"
"321","209","15804"
"322","218","218"
"323","231","16857"
"324","231","16857"
"325","231","16857"
"326","231","16858"
"327","235","16859"
"328","231","16858"
"329","231","16858"
"330","231","16860"
"331","235","16861"
"332","231","16860"
"333","231","16860"
"334","231","16860"
"335","235","16862"
"336","231","16860"
"337","231","16860"
"338","231","16863"
"339","231","16863"
"340","235","16864"
"341","231","16863"
"342","231","16865"
"343","231","16865"
"344","235","16866"
"345","231","16865"
"346","231","16865"
"347","231","16865"
"348","231","16865"
"349","235","16867"
"350","231","16868"
"351","231","16868"
"352","231","16868"
"353","231","16863"
"354","231","16863"
"355","231","16863"
"356","231","16869"
"357","231","16869"
"358","231","16869"
"359","240","18130"
"360","240","18130"
"361","240","18132"
"362","240","240"
"363","258","19790"
"364","259","19791"
"365","259","19792"
"366","259","19793"
"367","259","19794"
"368","260","3714"
"369","260","19805"
"370","260","260"
"371","264","20079"
"372","272","20563"
"373","272","15497"
"374","283","21027"
"375","288","21182"
"376","289","3582"
"377","289","21183"
"378","303","21834"
"379","303","21835"
"380","303","21836"
"381","303","21837"
"382","303","21838"
"383","303","21839"
"384","303","21840"
"385","303","21841"
"386","303","21842"
"387","304","18103"
"388","304","20137"
"389","304","21843"
"390","305","532"
"391","305","829"
"392","305","21870"
"393","306","21911"
"394","307","22009"
"395","307","9766"
"396","311","22370"
"397","318","318"
"398","318","22893"
"399","322","23377"
"400","322","23394"
"401","325","23625"
"402","325","23626"
"403","329","23785"
"404","331","23906"
"405","331","23907"
"406","331","331"
"407","331","331"
"408","331","331"
"409","331","331"
"410","331","16726"
"411","331","18107"
"412","331","23908"
"413","334","24016"
"414","334","24017"
"415","336","336"
"416","336","336"
"417","336","336"
"418","336","9766"
"419","338","24650"
"420","338","24650"
"421","338","338"
"422","341","25149"
"423","341","25149"
"424","341","25176"
"425","342","3382"
"426","342","25376"
"427","342","18057"
"428","342","25415"
"429","343","343"
"430","346","346"
"431","346","346"
"432","346","35879"
"433","346","35880"
"434","346","35880"
"435","346","346"
"436","346","346"
"437","346","35881"
"438","346","35882"
"439","346","35883"
"440","349","349"
"441","349","349"
"442","349","349"
"443","349","349"
"444","349","35945"
"445","354","36271"
"446","354","36277"
"447","355","355"
"448","355","355"
"449","355","355"
"450","355","355"
"451","355","36409"
"452","355","355"
"453","355","355"
"454","355","355"
"455","356","356"
"456","356","356"
"457","356","36519"
"458","356","36519"
"459","356","36537"
"460","356","36543"
"461","356","16627"
"462","356","16627"
"463","356","36544"
"464","359","36731"
"465","359","36731"
"466","360","36840"
"467","360","36855"
"468","360","36857"
"469","360","36875"
"470","360","360"
"471","360","36876"
"472","360","441"
"473","360","360"
"474","360","360"
"475","360","23785"
"476","361","36970"
"477","366","37714"
"478","366","37721"
"479","366","37722"
"480","369","38050"
"481","372","38120"
"482","372","372"
"483","374","374"
"484","374","374"
"485","374","8042"
"486","375","38176"
"487","377","377"
"488","377","38352"
"489","377","38354"
"490","377","38354"
"491","377","38387"
"492","377","38401"
"493","377","377"
"494","377","35579"
"495","377","377"
"496","377","3562"
"497","380","38535"
"498","381","381"
"499","381","38538"
"500","381","13068"
"501","381","13068"
"502","381","38539"
"503","381","38540"
"504","381","17503"
"505","381","38541"
"506","381","38541"
"507","381","34681"
"508","382","38542"
"509","382","382"
"510","382","38543"
"511","382","38544"
"512","382","382"
"513","382","382"
"514","382","8934"
"515","382","8934"
"516","382","38545"
"517","386","386"
"518","386","386"
"519","391","39369"
"520","391","39370"
"521","391","39371"
"522","391","39372"
"523","391","39373"
"524","391","391"
"525","391","39374"
"526","391","9766"
"527","391","391"
"528","391","391"
"529","392","392"
"530","392","392"
"531","393","39408"
"532","394","39451"
"533","394","39451"
"534","394","39461"
"535","394","39462"
"536","394","39463"
"537","394","39481"
"538","394","39491"
"539","394","39496"
"540","394","39496"
"541","394","3622"
"542","396","32016"
"543","397","397"
"544","397","397"
"545","397","7342"
"546","399","40253"
"547","400","40338"
"548","402","402"
"549","402","12784"
"550","402","40611"
"551","405","405"
"552","405","405"
"553","408","41514"
"554","408","41514"
"555","408","41559"
"556","408","41568"
"557","408","1558"
"558","413","42025"
"559","413","42026"
"560","413","42027"
"561","413","42028"
"562","424","424"
"563","424","42672"
"564","424","42672"
"565","424","42672"
"566","424","42672"
"567","424","42672"
"568","424","1456"
"569","424","1456"
"570","424","1456"
"571","424","424"
"572","425","15688"
"573","425","42700"
"574","425","3393"
"575","425","3393"
"576","425","42701"
"577","425","9636"
"578","425","22802"
"579","425","425"
"580","425","2184"
"581","425","42702"
"582","426","34903"
"583","435","6314"
"584","441","43646"
"585","441","70"
"586","441","441"
"587","441","70"
"588","441","441"
"589","441","441"
"590","441","43705"
"591","441","43715"
"592","441","9747"
"593","441","43759"
"594","442","43828"
"595","442","442"
"596","442","442"
"597","442","43836"
"598","442","43874"
"599","442","43874"
"600","442","43880"
"601","442","43891"
"602","442","43910"
"603","442","43911"
"604","443","443"
"605","443","443"
"606","443","443"
"607","443","43999"
"608","450","450"
"609","450","39373"
"610","451","44784"
"611","453","7332"
"612","457","45822"
"613","457","45823"
"614","457","45824"
"615","457","45825"
"616","457","45826"
"617","457","45827"
"618","457","9747"
"619","457","829"
"620","457","45828"
"621","457","45829"
"622","464","1464"
"623","470","46770"
"624","473","47067"
"625","473","47068"
"626","473","47087"
"627","473","29472"
"628","473","20911"
"629","473","29472"
"630","476","47261"
"631","476","476"
"632","476","476"
"633","476","476"
"634","476","476"
"635","476","33007"
"636","476","47292"
"637","476","476"
"638","476","476"
"639","476","47315"
"640","479","898"
"641","483","48342"
"642","483","48342"
"643","483","48342"
"644","483","48342"
"645","483","48342"
"646","487","48631"
"647","488","19805"
"648","488","48743"
"649","488","48752"
"650","488","19805"
"651","490","48907"
"652","490","48907"
"653","493","48048"
"654","508","16792"
"655","515","515"
"656","518","50442"
"657","525","9227"
"658","528","51150"
"659","532","42566"
"660","532","941"
"661","532","39461"
"662","532","532"
"663","532","532"
"664","532","532"
"665","537","754"
"666","537","1144"
"667","537","51758"
"668","537","51769"
"669","537","51774"
"670","540","32016"
"671","540","1093"
"672","540","1093"
"673","564","53016"
"674","569","53147"
"675","569","53148"
"676","569","53148"
"677","569","53149"
"678","569","53150"
"679","569","53151"
"680","569","53152"
"681","569","53153"
"682","569","53154"
"683","569","53154"
"684","591","591"
"685","591","53731"
"686","591","53731"
"687","591","53748"
"688","591","53751"
"689","609","166"
"690","611","54367"
"691","613","54393"
"692","613","36855"
"693","613","21906"
"694","613","54396"
"695","613","54399"
"696","613","14411"
"697","613","54407"
"698","613","24602"
"699","617","43189"
"700","618","618"
"701","618","48743"
"702","619","619"
"703","619","619"
"704","620","54686"
"705","620","54688"
"706","631","37906"
"707","632","26490"
"708","632","55615"
"709","632","667"
"710","632","55616"
"711","632","15688"
"712","632","55617"
"713","632","23785"
"714","632","632"
"715","633","44668"
"716","632","632"
"717","633","44668"
"718","633","55618"
"719","632","632"
"720","640","56015"
"721","640","4165"
"722","640","56032"
"723","640","56034"
"724","640","56035"
"725","640","56036"
"726","640","640"
"727","640","56037"
"728","640","39369"
"729","640","16863"
"730","642","56057"
"731","645","645"
"732","645","645"
"733","645","645"
"734","645","645"
"735","645","645"
"736","646","70"
"737","646","646"
"738","650","650"
"739","650","650"
"740","650","56214"
"741","650","56218"
"742","650","56220"
"743","650","56221"
"744","650","9586"
"745","650","56230"
"746","650","56231"
"747","650","650"
"748","652","56367"
"749","654","654"
"750","655","58343"
"751","655","58344"
"752","655","5493"
"753","655","1708"
"754","655","58345"
"755","655","58346"
"756","655","54612"
"757","655","13344"
"758","655","54612"
"759","655","58345"
"760","659","659"
"761","659","659"
"762","659","659"
"763","659","659"
"764","659","659"
"765","659","58862"
"766","659","829"
"767","659","58878"
"768","659","58878"
"769","659","58911"
"770","667","59866"
"771","667","37748"
"772","667","59880"
"773","667","1558"
"774","667","667"
"775","667","59914"
"776","667","59933"
"777","667","59963"
"778","667","64"
"779","667","59969"
"780","669","39695"
"781","669","39695"
"782","669","60178"
"783","671","60440"
"784","680","61630"
"785","682","61673"
"786","682","9238"
"787","682","61678"
"788","682","61679"
"789","682","61688"
"790","682","61688"
"791","682","61692"
"792","682","61702"
"793","682","61705"
"794","682","27577"
"795","683","61710"
"796","685","56502"
"797","685","56502"
"798","685","61757"
"799","685","53790"
"800","685","57849"
"801","685","57849"
"802","685","61760"
"803","685","56502"
"804","685","56502"
"805","685","56502"
"806","686","754"
"807","693","62312"
"808","695","62460"
"809","695","62464"
"810","695","62469"
"811","695","62470"
"812","695","62471"
"813","695","62486"
"814","695","62502"
"815","695","62503"
"816","695","62508"
"817","695","62536"
"818","701","45568"
"819","701","45568"
"820","701","45568"
"821","712","64652"
"822","712","712"
"823","712","712"
"824","712","64663"
"825","714","53793"
"826","714","64725"
"827","714","64726"
"828","714","714"
"829","714","64739"
"830","714","64743"
"831","714","64747"
"832","714","64752"
"833","714","64753"
"834","716","64809"
"835","716","64810"
"836","716","64811"
"837","716","64824"
"838","716","42822"
"839","716","8526"
"840","724","62026"
"841","725","725"
"842","725","15582"
"843","749","749"
"844","754","70"
"845","754","754"
"846","754","48882"
"847","754","48882"
"848","754","48991"
"849","754","754"
"850","754","754"
"851","754","754"
"852","754","754"
"853","754","754"
"854","758","66048"
"855","758","758"
"856","758","758"
"857","758","758"
"858","758","66077"
"859","758","66082"
"860","758","5692"
"861","758","66083"
"862","758","35823"
"863","758","66107"
"864","759","66196"
"865","759","6171"
"866","769","66762"
"867","769","15761"
"868","769","66777"
"869","769","21911"
"870","769","66800"
"871","769","42566"
"872","769","66826"
"873","769","66827"
"874","769","66828"
"875","769","53453"
"876","770","66926"
"877","770","40990"
"878","771","29472"
"879","771","67079"
"880","771","67080"
"881","771","67099"
"882","771","67104"
"883","771","67111"
"884","771","67122"
"885","771","67143"
"886","774","38509"
"887","780","46617"
"888","780","68091"
"889","780","68092"
"890","780","68092"
"891","780","68101"
"892","780","68103"
"893","780","68103"
"894","780","68107"
"895","780","68108"
"896","780","68109"
"897","783","68123"
"898","784","40338"
"899","784","40338"
"900","784","65136"
"901","784","65136"
"902","784","65136"
"903","786","68107"
"904","786","35842"
"905","786","68760"
"906","787","68761"
"907","787","68762"
"908","787","68763"
"909","787","42672"
"910","787","42672"
"911","796","66072"
"912","796","796"
"913","796","796"
"914","796","26782"
"915","796","796"
"916","796","69169"
"917","796","10438"
"918","796","796"
"919","796","26782"
"920","796","796"
"921","801","801"
"922","801","69278"
"923","801","69279"
"924","801","69280"
"925","801","69281"
"926","801","7971"
"927","802","69315"
"928","802","69317"
"929","802","21307"
"930","802","69323"
"931","802","11010"
"932","802","69334"
"933","802","69335"
"934","802","69336"
"935","802","69347"
"936","802","45933"
"937","803","69362"
"938","803","69363"
"939","803","803"
"940","803","803"
"941","805","64362"
"942","805","25376"
"943","805","69568"
"944","805","25376"
"945","805","70"
"946","805","70"
"947","805","69606"
"948","805","1550"
"949","805","69642"
"950","814","71720"
"951","814","71724"
"952","814","71725"
"953","814","71725"
"954","814","38526"
"955","814","71734"
"956","814","71735"
"957","817","71746"
"958","817","817"
"959","817","71746"
"960","817","71751"
"961","818","71778"
"962","818","5036"
"963","825","72047"
"964","829","829"
"965","829","829"
"966","829","829"
"967","829","829"
"968","829","829"
"969","829","829"
"970","829","829"
"971","829","829"
"972","829","829"
"973","829","829"
"974","832","57914"
"975","832","57914"
"976","832","69317"
"977","833","837"
"978","834","72417"
"979","837","837"
"980","837","7346"
"981","837","837"
"982","837","72587"
"983","837","837"
"984","837","15798"
"985","837","72599"
"986","837","837"
"987","837","837"
"988","837","837"
"989","842","72752"
"990","842","72753"
"991","842","72760"
"992","844","1667"
"993","846","846"
"994","849","72932"
"995","855","73080"
"996","855","73092"
"997","855","73101"
"998","859","73288"
"999","862","892"
"1000","864","73570"
"1001","865","73654"
"1002","870","73805"
"1003","873","36537"
"1004","873","36537"
"1005","875","74018"
"1006","875","74019"
"1007","875","49465"
"1008","875","74020"
"1009","875","74021"
"1010","875","74022"
"1011","875","74023"
"1012","875","74024"
"1013","875","74025"
"1014","875","74026"
"1015","876","898"
"1016","882","882"
"1017","882","74386"
"1018","882","74390"
"1019","882","74393"
"1020","882","74390"
"1021","883","4821"
"1022","883","74415"
"1023","887","9080"
"1024","887","18410"
"1025","887","74602"
"1026","891","667"
"1027","892","892"
"1028","892","892"
"1029","892","892"
"1030","892","892"
"1031","892","892"
"1032","892","74871"
"1033","892","1066"
"1034","892","12453"
"1035","892","74882"
"1036","892","58302"
"1037","894","39369"
"1038","894","54612"
"1039","894","9747"
"1040","898","898"
"1041","898","898"
"1042","898","898"
"1043","903","9080"
"1044","903","1455"
"1045","904","904"
"1046","904","75368"
"1047","904","75368"
"1048","904","75368"
"1049","904","75368"
"1050","904","75368"
"1051","904","29799"
"1052","904","75368"
"1053","904","75368"
"1054","904","75375"
"1055","915","75501"
"1056","923","5750"
"1057","923","5750"
"1058","923","76617"
"1059","923","76617"
"1060","923","76624"
"1061","923","76624"
"1062","923","1132"
"1063","923","1132"
"1064","923","21182"
"1065","923","21182"
"1066","928","44665"
"1067","928","76921"
"1068","928","76933"
"1069","928","76944"
"1070","928","16859"
"1071","928","76950"
"1072","928","3604"
"1073","928","76955"
"1074","928","3604"
"1075","928","76963"
"1076","938","938"
"1077","938","938"
"1078","939","4981"
"1079","939","1456"
"1080","940","77432"
"1081","940","77433"
"1082","940","53984"
"1083","940","940"
"1084","940","71746"
"1085","940","71746"
"1086","940","18130"
"1087","941","941"
"1088","941","941"
"1089","941","77439"
"1090","941","77439"
"1091","941","48910"
"1092","941","35212"
"1093","941","77450"
"1094","941","35212"
"1095","941","32209"
"1096","941","72369"
"1097","952","27009"
"1098","959","6173"
"1099","975","79613"
"1100","975","79617"
"1101","979","979"
"1102","979","79866"
"1103","979","979"
"1104","979","56550"
"1105","979","79888"
"1106","982","80150"
"1107","983","80155"
"1108","988","80375"
"1109","988","44561"
"1110","988","44561"
"1111","991","80455"
"1112","991","80455"
"1113","991","23396"
"1114","991","1375"
"1115","1002","29472"
"1116","1007","1007"
"1117","1007","1007"
"1118","1007","1007"
"1119","1007","15117"
"1120","1007","81642"
"1121","1010","81815"
"1122","1011","81887"
"1123","1011","81889"
"1124","1011","81902"
"1125","1011","81902"
"1126","1011","81902"
"1127","1011","5494"
"1128","1011","8935"
"1129","1011","5494"
"1130","1012","81957"
"1131","1012","81964"
"1132","1012","81968"
"1133","1013","82009"
"1134","1013","60977"
"1135","1013","81640"
"1136","1015","82230"
"1137","1016","36776"
"1138","1016","36776"
"1139","1017","82617"
"1140","1017","82617"
"1141","1017","12453"
"1142","1017","82660"
"1143","1017","44784"
"1144","1017","82693"
"1145","1017","5537"
"1146","1023","1023"
"1147","1023","1023"
"1148","1023","83149"
"1149","1023","1023"
"1150","1025","83620"
"1151","1025","83621"
"1152","1028","21911"
"1153","1028","21911"
"1154","1028","83669"
"1155","1030","83917"
"1156","1033","57039"
"1157","1033","12651"
"1158","1041","84509"
"1159","1041","2013"
"1160","1041","84515"
"1161","1046","65885"
"1162","1046","65885"
"1163","1057","85356"
"1164","1057","85356"
"1165","1063","85671"
"1166","1066","1084"
"1167","1066","81283"
"1168","1071","12040"
"1169","1073","4981"
"1170","1075","86149"
"1171","1077","86273"
"1172","1077","39372"
"1173","1077","391"
"1174","1077","18714"
"1175","1077","86281"
"1176","1077","86284"
"1177","1077","69568"
"1178","1077","86298"
"1179","1077","86300"
"1180","1077","70"
"1181","1082","86444"
"1182","1084","1084"
"1183","1084","1084"
"1184","1084","16671"
"1185","1084","16671"
"1186","1087","18311"
"1187","1088","72599"
"1188","1088","1088"
"1189","1088","2184"
"1190","1091","1667"
"1191","1091","1091"
"1192","1091","1091"
"1193","1091","1667"
"1194","1091","1091"
"1195","1091","1091"
"1196","1091","1091"
"1197","1091","1667"
"1198","1092","1092"
"1199","1092","1092"
"1200","1092","1092"
"1201","1092","1092"
"1202","1092","88472"
"1203","1092","1092"
"1204","1092","88473"
"1205","1092","39461"
"1206","1092","1092"
"1207","1092","1092"
"1208","1093","88474"
"1209","1093","49309"
"1210","1093","1093"
"1211","1093","1093"
"1212","1093","88475"
"1213","1093","88475"
"1214","1093","88476"
"1215","1093","6834"
"1216","1093","1093"
"1217","1093","88477"
"1218","1094","88478"
"1219","1095","88508"
"1220","1097","441"
"1221","1097","16792"
"1222","1097","441"
"1223","1097","88603"
"1224","1097","88603"
"1225","1097","51283"
"1226","1097","51283"
"1227","1097","88654"
"1228","1097","79050"
"1229","1097","88603"
"1230","1098","88693"
"1231","1098","88497"
"1232","1101","43999"
"1233","1108","89820"
"1234","1108","5135"
"1235","1108","5135"
"1236","1108","32995"
"1237","1109","89989"
"1238","1109","89991"
"1239","1109","53231"
"1240","1109","90019"
"1241","1109","659"
"1242","1109","90051"
"1243","1109","10678"
"1244","1109","90076"
"1245","1109","44331"
"1246","1109","5694"
"1247","1118","16867"
"1248","1120","90748"
"1249","1120","14740"
"1250","1120","90764"
"1251","1120","90765"
"1252","1120","18903"
"1253","1120","18903"
"1254","1120","19805"
"1255","1120","19805"
"1256","1127","65885"
"1257","1130","91222"
"1258","1130","5686"
"1259","1130","91222"
"1260","1130","91222"
"1261","1130","91229"
"1262","1130","91231"
"1263","1130","91232"
"1264","1130","91237"
"1265","1131","1131"
"1266","1131","1131"
"1267","1131","1131"
"1268","1131","1131"
"1269","1131","91242"
"1270","1132","1132"
"1271","1132","1132"
"1272","1133","1133"
"1273","1135","476"
"1274","1135","476"
"1275","1135","91925"
"1276","1142","92129"
"1277","1142","92130"
"1278","1142","92141"
"1279","1144","1144"
"1280","1144","1144"
"1281","1151","92825"
"1282","1151","43715"
"1283","1151","21329"
"1284","1151","92831"
"1285","1151","12698"
"1286","1151","92838"
"1287","1151","1151"
"1288","1151","5444"
"1289","1151","51743"
"1290","1153","92980"
"1291","1154","7271"
"1292","1154","93072"
"1293","1154","15803"
"1294","1154","15803"
"1295","1154","89989"
"1296","1154","44104"
"1297","1154","6837"
"1298","1154","93108"
"1299","1154","93110"
"1300","1154","93114"
"1301","1159","21271"
"1302","1159","93808"
"1303","1159","1159"
"1304","1159","1159"
"1305","1159","1159"
"1306","1166","94202"
"1307","1171","7342"
"1308","1174","72662"
"1309","1174","1456"
"1310","1174","9380"
"1311","1174","94553"
"1312","1174","50244"
"1313","1176","94674"
"1314","1179","94966"
"1315","1179","94967"
"1316","1179","94968"
"1317","1179","6170"
"1318","1179","94969"
"1319","1179","40990"
"1320","1179","94970"
"1321","1179","56671"
"1322","1179","12651"
"1323","1179","44455"
"1324","1191","5727"
"1325","1191","1191"
"1326","1191","13706"
"1327","1195","95734"
"1328","1198","62220"
"1329","1198","95844"
"1330","1198","95844"
"1331","1198","95845"
"1332","1198","95846"
"1333","1198","95846"
"1334","1198","95846"
"1335","1198","95846"
"1336","1198","95846"
"1337","1198","95847"
"1338","1200","95856"
"1339","1203","96341"
"1340","1203","96342"
"1341","1203","96343"
"1342","1203","45987"
"1343","1203","7344"
"1344","1203","96345"
"1345","1203","1589"
"1346","1203","96346"
"1347","1203","96346"
"1348","1207","96403"
"1349","1207","79662"
"1350","1226","97178"
"1351","1226","97179"
"1352","1226","97187"
"1353","1226","97196"
"1354","1226","97197"
"1355","1233","16862"
"1356","1233","97714"
"1357","1249","1249"
"1358","1249","98728"
"1359","1258","15599"
"1360","1261","99302"
"1361","1265","99360"
"1362","1265","44561"
"1363","1265","44561"
"1364","1265","99372"
"1365","1265","99373"
"1366","1265","99373"
"1367","1265","99376"
"1368","1265","99376"
"1369","1265","40008"
"1370","1265","4220"
"1371","1276","99904"
"1372","1276","99905"
"1373","1276","70372"
"1374","1276","99913"
"1375","1294","100665"
"1376","1294","100666"
"1377","1294","39491"
"1378","1294","100667"
"1379","1308","44599"
"1380","1308","100915"
"1381","1310","101006"
"1382","1330","101223"
"1383","1330","101421"
"1384","1330","44506"
"1385","1330","101427"
"1386","1330","46082"
"1387","1330","101437"
"1388","1330","101447"
"1389","1330","101462"
"1390","1330","17692"
"1391","1334","101887"
"1392","1334","49848"
"1393","1334","29284"
"1394","1334","1334"
"1395","1334","101888"
"1396","1334","101889"
"1397","1334","16882"
"1398","1334","101889"
"1399","1334","101889"
"1400","1336","101254"
"1401","1351","102567"
"1402","1351","102576"
"1403","1351","10040"
"1404","1351","57000"
"1405","1351","25684"
"1406","1351","35675"
"1407","1351","102596"
"1408","1351","102601"
"1409","1356","1356"
"1410","1356","102877"
"1411","1356","71004"
"1412","1357","102925"
"1413","1357","102927"
"1414","1357","102944"
"1415","1357","102945"
"1416","1357","102946"
"1417","1357","102946"
"1418","1357","102946"
"1419","1357","102954"
"1420","1357","102955"
"1421","1357","102956"
"1422","1358","103003"
"1423","1358","103020"
"1424","1358","103021"
"1425","1358","103003"
"1426","1358","64316"
"1427","1358","103035"
"1428","1358","35766"
"1429","1358","103044"
"1430","1358","103054"
"1431","1358","103055"
"1432","1361","1361"
"1433","1361","1361"
"1434","1361","1361"
"1435","1361","1361"
"1436","1361","103330"
"1437","1361","1361"
"1438","1361","1361"
"1439","1361","1361"
"1440","1361","103397"
"1441","1361","1361"
"1442","1368","48048"
"1443","1371","105342"
"1444","1373","1373"
"1445","1373","1373"
"1446","1373","1373"
"1447","1373","1373"
"1448","1373","1373"
"1449","1373","1373"
"1450","1375","1375"
"1451","1375","1375"
"1452","1375","1375"
"1453","1375","1375"
"1454","1375","1375"
"1455","1375","1375"
"1456","1375","1375"
"1457","1375","1375"
"1458","1381","111377"
"1459","1381","111378"
"1460","1381","111379"
"1461","1383","1383"
"1462","1383","1383"
"1463","1383","1383"
"1464","1383","1383"
"1465","1383","1383"
"1466","1383","1383"
"1467","1383","1383"
"1468","1391","111754"
"1469","1391","111755"
"1470","1391","57063"
"1471","1391","53886"
"1472","1391","44706"
"1473","1391","111759"
"1474","1391","62474"
"1475","1391","73714"
"1476","1391","111766"
"1477","1395","111923"
"1478","1395","111940"
"1479","1395","111942"
"1480","1395","111940"
"1481","1395","111964"
"1482","1397","112106"
"1483","1399","112359"
"1484","1399","112360"
"1485","1402","112385"
"1486","1406","70970"
"1487","1406","112530"
"1488","1406","70970"
"1489","1407","112561"
"1490","1410","20604"
"1491","1410","80455"
"1492","1415","112847"
"1493","1420","6173"
"1494","1427","69568"
"1495","1427","113277"
"1496","1427","26917"
"1497","1427","113279"
"1498","1427","63410"
"1499","1427","113287"
"1500","1427","113287"
"1501","1427","113304"
"1502","1427","113304"
"1503","1427","113306"
"1504","1429","113335"
"1505","1429","113336"
"1506","1429","51823"
"1507","1429","62142"
"1508","1429","113341"
"1509","1429","57938"
"1510","1429","23444"
"1511","1429","95879"
"1512","1429","113350"
"1513","1429","58282"
"1514","1430","1348"
"1515","1430","43971"
"1516","1430","1430"
"1517","1430","113395"
"1518","1430","113401"
"1519","1430","51758"
"1520","1430","113402"
"1521","1430","113403"
"1522","1430","113414"
"1523","1430","113415"
"1524","1434","1434"
"1525","1435","45169"
"1526","1440","114160"
"1527","1443","17692"
"1528","1443","101254"
"1529","1446","114618"
"1530","1446","114621"
"1531","1446","88950"
"1532","1446","114623"
"1533","1446","114637"
"1534","1446","11790"
"1535","1446","114644"
"1536","1446","32997"
"1537","1446","90938"
"1538","1446","88950"
"1539","1448","29526"
"1540","1448","114695"
"1541","1448","114695"
"1542","1448","1448"
"1543","1448","5537"
"1544","1454","115203"
"1545","1454","115203"
"1546","1454","115203"
"1547","1454","115203"
"1548","1454","115203"
"1549","1454","115203"
"1550","1454","115203"
"1551","1455","55096"
"1552","1455","1455"
"1553","1455","71155"
"1554","1455","115272"
"1555","1455","115273"
"1556","1455","33007"
"1557","1455","115280"
"1558","1455","42367"
"1559","1455","115281"
"1560","1455","47006"
"1561","1456","23785"
"1562","1456","10341"
"1563","1456","1456"
"1564","1456","1456"
"1565","1456","1456"
"1566","1456","1456"
"1567","1456","1456"
"1568","1457","24453"
"1569","1457","115292"
"1570","1458","1458"
"1571","1459","114623"
"1572","1459","115351"
"1573","1459","115351"
"1574","1459","1459"
"1575","1464","1464"
"1576","1465","67976"
"1577","1465","67976"
"1578","1465","1465"
"1579","1465","1465"
"1580","1465","1465"
"1581","1465","1465"
"1582","1465","1465"
"1583","1465","116725"
"1584","1465","116725"
"1585","1478","117580"
"1586","1478","117606"
"1587","1478","117606"
"1588","1478","117640"
"1589","1486","118742"
"1590","1489","118751"
"1591","1489","118752"
"1592","1498","119048"
"1593","1498","119048"
"1594","1498","68101"
"1595","1498","73872"
"1596","1498","21911"
"1597","1498","10185"
"1598","1498","115351"
"1599","1498","115351"
"1600","1498","5700"
"1601","1499","119068"
"1602","1499","119078"
"1603","1499","47186"
"1604","1499","12279"
"1605","1499","99376"
"1606","1499","39461"
"1607","1502","33805"
"1608","1516","116471"
"1609","1527","120471"
"1610","1529","1391"
"1611","1530","1550"
"1612","1530","1530"
"1613","1530","1530"
"1614","1530","1530"
"1615","1530","1530"
"1616","1530","1530"
"1617","1530","1530"
"1618","1531","1531"
"1619","1531","1531"
"1620","1531","1373"
"1621","1531","1531"
"1622","1531","120618"
"1623","1531","57000"
"1624","1531","120619"
"1625","1531","1531"
"1626","1531","1531"
"1627","1531","120620"
"1628","1538","121110"
"1629","1538","57398"
"1630","1543","1543"
"1631","1545","121993"
"1632","1550","122344"
"1633","1550","115465"
"1634","1550","122352"
"1635","1550","122358"
"1636","1550","36855"
"1637","1550","122366"
"1638","1550","122367"
"1639","1550","69336"
"1640","1550","90892"
"1641","1550","71218"
"1642","1557","124712"
"1643","1558","124728"
"1644","1558","124735"
"1645","1558","1558"
"1646","1558","52725"
"1647","1558","1558"
"1648","1558","1558"
"1649","1558","15117"
"1650","1558","1558"
"1651","1558","1558"
"1652","1558","1558"
"1653","1566","125062"
"1654","1575","125529"
"1655","1575","125529"
"1656","1575","125539"
"1657","1575","1575"
"1658","1575","1575"
"1659","1575","1575"
"1660","1575","125546"
"1661","1575","125547"
"1662","1575","125548"
"1663","1575","125548"
"1664","1578","125585"
"1665","1586","1586"
"1666","1586","125967"
"1667","1586","125977"
"1668","1588","6171"
"1669","1588","126082"
"1670","1588","126083"
"1671","1588","126093"
"1672","1588","126099"
"1673","1588","126100"
"1674","1589","1589"
"1675","1589","126158"
"1676","1589","126158"
"1677","1589","38571"
"1678","1589","1589"
"1679","1589","1589"
"1680","1589","1589"
"1681","1589","1589"
"1682","1589","126207"
"1683","1589","126207"
"1684","1591","1591"
"1685","1591","78005"
"1686","1593","71433"
"1687","1604","127026"
"1688","1606","127032"
"1689","1613","1613"
"1690","1613","1613"
"1691","1613","1613"
"1692","1613","127362"
"1693","1613","127362"
"1694","1613","127362"
"1695","1613","127362"
"1696","1620","1620"
"1697","1620","1620"
"1698","1620","127551"
"1699","1620","1620"
"1700","1624","127690"
"1701","1628","127768"
"1702","1628","127768"
"1703","1628","127770"
"1704","1628","127771"
"1705","1628","127776"
"1706","1628","127777"
"1707","1628","127778"
"1708","1628","127779"
"1709","1628","127780"
"1710","1628","127781"
"1711","1633","1633"
"1712","1633","1633"
"1713","1633","1633"
"1714","1633","1633"
"1715","1633","1633"
"1716","1633","1633"
"1717","1633","127891"
"1718","1633","1633"
"1719","1633","1633"
"1720","1633","1633"
"1721","1634","1634"
"1722","1634","1634"
"1723","1634","1634"
"1724","1634","1634"
"1725","1634","1634"
"1726","1636","124987"
"1727","1636","124987"
"1728","1636","124987"
"1729","1650","129166"
"1730","1656","91925"
"1731","1663","1663"
"1732","1663","12040"
"1733","1663","122444"
"1734","1663","1663"
"1735","1663","1663"
"1736","1663","1663"
"1737","1663","1663"
"1738","1663","129380"
"1739","1663","129381"
"1740","1663","129386"
"1741","1666","109995"
"1742","1666","129487"
"1743","1666","754"
"1744","1666","129494"
"1745","1666","129498"
"1746","1666","129501"
"1747","1666","129505"
"1748","1666","129510"
"1749","1666","129513"
"1750","1666","129516"
"1751","1667","129529"
"1752","1667","129531"
"1753","1667","36244"
"1754","1667","1667"
"1755","1667","129546"
"1756","1667","1667"
"1757","1667","129559"
"1758","1667","129559"
"1759","1667","129569"
"1760","1667","1066"
"1761","1668","129596"
"1762","1668","11010"
"1763","1668","129604"
"1764","1668","129606"
"1765","1668","129607"
"1766","1668","69323"
"1767","1668","129619"
"1768","1668","129627"
"1769","1668","129633"
"1770","1668","22476"
"1771","1680","131003"
"1772","1680","1680"
"1773","1680","1680"
"1774","1681","131038"
"1775","1681","131038"
"1776","1681","131038"
"1777","1681","131042"
"1778","1681","131042"
"1779","1681","131042"
"1780","1681","131047"
"1781","1681","131048"
"1782","1681","131046"
"1783","1681","131038"
"1784","1681","131038"
"1785","1681","131038"
"1786","1681","131054"
"1787","1681","131053"
"1788","1681","131052"
"1789","1681","90286"
"1790","1681","90286"
"1791","1681","90286"
"1792","1681","131061"
"1793","1681","131062"
"1794","1681","131061"
"1795","1681","131065"
"1796","1681","131065"
"1797","1681","131065"
"1798","1681","131071"
"1799","1681","131071"
"1800","1681","131071"
"1801","1681","131075"
"1802","1681","131073"
"1803","1681","131073"
"1804","1685","3787"
"1805","1701","57044"
"1806","1703","132116"
"1807","1703","132119"
"1808","1703","56675"
"1809","1703","132124"
"1810","1703","132125"
"1811","1703","79050"
"1812","1703","132127"
"1813","1703","10341"
"1814","1703","82834"
"1815","1703","82834"
"1816","1705","14061"
"1817","1705","14061"
"1818","1705","14061"
"1819","1707","132262"
"1820","1708","1708"
"1821","1708","132307"
"1822","1708","1708"
"1823","1708","7874"
"1824","1708","7874"
"1825","1708","7874"
"1826","1721","1721"
"1827","1721","1721"
"1828","1721","133151"
"1829","1724","133199"
"1830","1730","133598"
"1831","1730","133602"
"1832","1735","129102"
"1833","1737","133858"
"1834","1737","133859"
"1835","1739","20988"
"1836","1759","134926"
"1837","1761","2183"
"1838","1761","134933"
"1839","1761","2256"
"1840","1762","134952"
"1841","1770","135386"
"1842","1770","135386"
"1843","1770","135400"
"1844","1777","1151"
"1845","1777","135758"
"1846","1779","135764"
"1847","1784","1784"
"1848","1784","1784"
"1849","1784","135908"
"1850","1785","135911"
"1851","1785","135915"
"1852","1785","135915"
"1853","1785","135921"
"1854","1785","135924"
"1855","1785","23238"
"1856","1785","23785"
"1857","1785","23238"
"1858","1785","81283"
"1859","1785","81283"
"1860","1793","36855"
"1861","1793","44271"
"1862","1793","136087"
"1863","1793","44668"
"1864","1793","110885"
"1865","1793","57901"
"1866","1793","136090"
"1867","1793","1793"
"1868","1793","60682"
"1869","1793","1793"
"1870","1794","16859"
"1871","1794","16859"
"1872","1794","57900"
"1873","1794","57063"
"1874","1796","62009"
"1875","1796","62009"
"1876","1796","7281"
"1877","1796","1796"
"1878","1796","23908"
"1879","1796","1796"
"1880","1796","1796"
"1881","1796","136146"
"1882","1796","136147"
"1883","1796","1796"
"1884","1798","136506"
"1885","1798","1798"
"1886","1798","1798"
"1887","1798","1798"
"1888","1798","1798"
"1889","1798","1798"
"1890","1798","136507"
"1891","1798","136508"
"1892","1798","136509"
"1893","1798","87073"
"1894","1800","136510"
"1895","1814","81930"
"1896","1814","136795"
"1897","1814","16734"
"1898","1815","136849"
"1899","1815","136854"
"1900","1815","12821"
"1901","1815","1815"
"1902","1815","1815"
"1903","1815","1815"
"1904","1815","1815"
"1905","1815","1815"
"1906","1815","2121"
"1907","1815","1815"
"1908","1820","1820"
"1909","1823","137947"
"1910","1824","82834"
"1911","1824","82834"
"1912","1824","82834"
"1913","1824","138060"
"1914","1824","138060"
"1915","1824","1824"
"1916","1824","21665"
"1917","1824","138070"
"1918","1824","138076"
"1919","1824","138070"
"1920","1832","34842"
"1921","1832","44726"
"1922","1832","71004"
"1923","1832","138329"
"1924","1832","97919"
"1925","1832","138336"
"1926","1832","93663"
"1927","1832","93663"
"1928","1844","39461"
"1929","1844","139260"
"1930","1852","8858"
"1931","1861","140065"
"1932","1861","140066"
"1933","1861","140066"
"1934","1861","1861"
"1935","1861","62814"
"1936","1861","132573"
"1937","1861","140073"
"1938","1861","140075"
"1939","1861","140077"
"1940","1861","87358"
"1941","1866","83620"
"1942","1866","83620"
"1943","1867","15761"
"1944","1867","50067"
"1945","1867","122875"
"1946","1867","70025"
"1947","1867","36519"
"1948","1867","16182"
"1949","1867","140307"
"1950","1870","140391"
"1951","1873","7341"
"1952","1877","12558"
"1953","1878","141057"
"1954","1878","8859"
"1955","1878","8859"
"1956","1878","8859"
"1957","1878","8879"
"1958","1878","8879"
"1959","1878","141098"
"1960","1880","126496"
"1961","1880","126496"
"1962","1880","126496"
"1963","1880","141588"
"1964","1880","126496"
"1965","1880","1880"
"1966","1880","141589"
"1967","1880","120811"
"1968","1880","120811"
"1969","1880","81889"
"1970","1881","116551"
"1971","1888","141730"
"1972","1888","141732"
"1973","1889","7874"
"1974","1888","141733"
"1975","1888","141735"
"1976","1888","81640"
"1977","1890","141748"
"1978","1894","21911"
"1979","1903","142364"
"1980","1905","142426"
"1981","1905","142429"
"1982","1905","142431"
"1983","1905","142432"
"1984","1905","1905"
"1985","1905","1905"
"1986","1905","15494"
"1987","1905","142440"
"1988","1905","10244"
"1989","1910","142555"
"1990","1910","142556"
"1991","1911","142608"
"1992","1911","2090"
"1993","1911","49394"
"1994","1911","142629"
"1995","1911","1911"
"1996","1911","142635"
"1997","1911","142640"
"1998","1911","142644"
"1999","1913","57932"
"2000","1929","143474"
"2001","1932","143475"
"2002","1932","143476"
"2003","1936","8714"
"2004","1938","62231"
"2005","1938","143536"
"2006","1938","54392"
"2007","1938","143537"
"2008","1938","143538"
"2009","1938","166"
"2010","1938","143540"
"2011","1938","123810"
"2012","1938","143543"
"2013","1938","2256"
"2014","1954","144366"
"2015","1954","144367"
"2016","1954","1954"
"2017","1954","144368"
"2018","1954","130776"
"2019","1954","144369"
"2020","1954","144370"
"2021","1954","144368"
"2022","1954","144371"
"2023","1954","144371"
"2024","1957","8935"
"2025","1957","8935"
"2026","1957","8935"
"2027","1957","8935"
"2028","1957","1957"
"2029","1957","1957"
"2030","1957","56498"
"2031","1957","56498"
"2032","1957","144378"
"2033","1957","144378"
"2034","1957","144378"
"2035","1957","144378"
"2036","1957","7312"
"2037","1957","7312"
"2038","1957","1957"
"2039","1957","1957"
"2040","1957","70978"
"2041","1957","70978"
"2042","1957","37259"
"2043","1957","37259"
"2044","1959","124128"
"2045","1959","124128"
"2046","1959","144431"
"2047","1959","144431"
"2048","1959","144433"
"2049","1959","144433"
"2050","1960","1960"
"2051","1961","144446"
"2052","1960","144448"
"2053","1960","144448"
"2054","1961","144449"
"2055","1962","71519"
"2056","1961","8936"
"2057","1962","144451"
"2058","1962","1962"
"2059","1961","144455"
"2060","1962","1962"
"2061","1962","144451"
"2062","1962","76543"
"2063","1962","43836"
"2064","1969","144746"
"2065","1969","144754"
"2066","1981","1981"
"2067","1981","1981"
"2068","1981","1981"
"2069","1981","1981"
"2070","1981","1981"
"2071","1981","90375"
"2072","1981","37829"
"2073","1981","37829"
"2074","1981","1981"
"2075","1995","148520"
"2076","1995","22910"
"2077","1995","148521"
"2078","1995","72587"
"2079","1995","44341"
"2080","1995","8171"
"2081","1995","148522"
"2082","1995","148523"
"2083","1995","148524"
"2084","1995","898"
"2085","1997","57034"
"2086","1997","57034"
"2087","1997","57034"
"2088","1997","19805"
"2089","1997","148525"
"2090","1999","148550"
"2091","1999","13949"
"2092","1999","13949"
"2093","1999","1999"
"2094","1999","13949"
"2095","1999","13949"
"2096","1999","13949"
"2097","1999","27533"
"2098","1999","1999"
"2099","2004","71506"
"2100","2004","12698"
"2101","2004","148564"
"2102","2004","71500"
"2103","2007","69336"
"2104","2007","7266"
"2105","2007","148570"
"2106","2007","5696"
"2107","2007","148573"
"2108","2007","148576"
"2109","2007","148578"
"2110","2007","148581"
"2111","2007","125546"
"2112","2009","12515"
"2113","2009","12515"
"2114","2013","2013"
"2115","2013","148705"
"2116","2013","2013"
"2117","2013","2013"
"2118","2013","2013"
"2119","2013","148720"
"2120","2013","148723"
"2121","2013","73753"
"2122","2013","90051"
"2123","2013","2013"
"2124","2017","148827"
"2125","2019","148883"
"2126","2019","148884"
"2127","2019","18934"
"2128","2019","148890"
"2129","2019","148892"
"2130","2019","148890"
"2131","2019","54045"
"2132","2019","148896"
"2133","2019","148896"
"2134","2022","2022"
"2135","2022","2022"
"2136","2022","2022"
"2137","2022","2022"
"2138","2022","2022"
"2139","2022","2022"
"2140","2022","2022"
"2141","2022","2022"
"2142","2022","2022"
"2143","2022","2022"
"2144","2024","148967"
"2145","2024","148968"
"2146","2024","148968"
"2147","2025","44636"
"2148","2027","148984"
"2149","2027","148984"
"2150","2027","148985"
"2151","2027","148987"
"2152","2027","148991"
"2153","2027","148997"
"2154","2027","149005"
"2155","2027","149005"
"2156","2027","149015"
"2157","2027","149021"
"2158","2044","4818"
"2159","2049","515"
"2160","2049","515"
"2161","2056","150986"
"2162","2056","151004"
"2163","2078","1356"
"2164","2078","1356"
"2165","2078","3154"
"2166","2078","152433"
"2167","2078","10038"
"2168","2079","152462"
"2169","2082","152570"
"2170","2082","152570"
"2171","2088","152923"
"2172","2088","152929"
"2173","2088","71734"
"2174","2088","152936"
"2175","2088","2088"
"2176","2088","152937"
"2177","2088","2088"
"2178","2088","2088"
"2179","2090","2090"
"2180","2090","2090"
"2181","2090","2090"
"2182","2090","2090"
"2183","2090","2090"
"2184","2090","2090"
"2185","2090","153020"
"2186","2097","120471"
"2187","2108","154465"
"2188","2110","76624"
"2189","2110","154466"
"2190","2110","154467"
"2191","2110","154471"
"2192","2110","32762"
"2193","2110","154475"
"2194","2110","154476"
"2195","2110","632"
"2196","2110","154483"
"2197","2110","56675"
"2198","2111","154489"
"2199","2113","2113"
"2200","2113","37929"
"2201","2116","95077"
"2202","2116","2116"
"2203","2116","10341"
"2204","2118","3562"
"2205","2118","3562"
"2206","2118","64753"
"2207","2118","81889"
"2208","2118","122873"
"2209","2118","140495"
"2210","2121","2121"
"2211","2121","2121"
"2212","2121","2121"
"2213","2121","2121"
"2214","2121","1880"
"2215","2121","64721"
"2216","2121","64721"
"2217","2121","154985"
"2218","2121","36933"
"2219","2121","155001"
"2220","2122","2587"
"2221","2124","57899"
"2222","2124","57899"
"2223","2134","137383"
"2224","2140","2140"
"2225","2142","156010"
"2226","2142","2142"
"2227","2142","2142"
"2228","2142","2142"
"2229","2144","99567"
"2230","2144","1351"
"2231","2150","158676"
"2232","2150","158676"
"2233","2152","158684"
"2234","2152","158685"
"2235","2152","158686"
"2236","2152","35017"
"2237","2152","35017"
"2238","2152","158685"
"2239","2152","158688"
"2240","2152","62136"
"2241","2152","158694"
"2242","2152","158696"
"2243","2164","129931"
"2244","2164","22548"
"2245","2168","159464"
"2246","2178","2178"
"2247","2178","162075"
"2248","2183","2183"
"2249","2183","18251"
"2250","2183","5444"
"2251","2183","3168"
"2252","2183","1995"
"2253","2183","3168"
"2254","2183","2183"
"2255","2183","441"
"2256","2183","61112"
"2257","2183","43239"
"2258","2184","44455"
"2259","2210","162690"
"2260","2210","89326"
"2261","2212","13911"
"2262","2212","2212"
"2263","2212","2212"
"2264","2212","162732"
"2265","2218","23153"
"2266","2222","3446"
"2267","2224","163382"
"2268","2229","163408"
"2269","2229","2229"
"2270","2230","2230"
"2271","2230","2230"
"2272","2230","2230"
"2273","2230","2230"
"2274","2230","163409"
"2275","2230","163410"
"2276","2230","2230"
"2277","2230","163411"
"2278","2230","14892"
"2279","2230","2230"
"2280","2233","2233"
"2281","2233","2233"
"2282","2233","163456"
"2283","2233","2233"
"2284","2233","2233"
"2285","2233","2233"
"2286","2233","2233"
"2287","2233","2233"
"2288","2233","2233"
"2289","2233","2233"
"2290","2238","164566"
"2291","2238","55513"
"2292","2240","164574"
"2293","2240","32081"
"2294","2240","19961"
"2295","2240","164585"
"2296","2249","164803"
"2297","2249","164806"
"2298","2249","2249"
"2299","2249","64414"
"2300","2249","131818"
"2301","2249","164821"
"2302","2249","164828"
"2303","2249","115502"
"2304","2249","77724"
"2305","2251","164899"
"2306","2251","97777"
"2307","2251","7341"
"2308","2251","2251"
"2309","2251","2251"
"2310","2253","54447"
"2311","2253","54447"
"2312","2253","122666"
"2313","2253","122666"
"2314","2253","165011"
"2315","2253","123530"
"2316","2253","165011"
"2317","2253","165017"
"2318","2253","123530"
"2319","2253","165019"
"2320","2253","2253"
"2321","2253","2253"
"2322","2253","165017"
"2323","2253","165019"
"2324","2253","2253"
"2325","2253","2253"
"2326","2253","2253"
"2327","2253","2253"
"2328","2253","2253"
"2329","2253","2253"
"2330","2256","2256"
"2331","2256","165359"
"2332","2256","165360"
"2333","2256","165361"
"2334","2256","49309"
"2335","2256","165362"
"2336","2256","124806"
"2337","2256","1558"
"2338","2256","165363"
"2339","2256","63831"
"2340","2257","36083"
"2341","2257","165364"
"2342","2257","5444"
"2343","2257","3760"
"2344","2257","3760"
"2345","2257","424"
"2346","2257","49309"
"2347","2257","51126"
"2348","2257","44601"
"2349","2257","2257"
"2350","2258","29560"
"2351","2258","165365"
"2352","2258","165366"
"2353","2258","165367"
"2354","2258","165368"
"2355","2259","165369"
"2356","2268","131243"
"2357","2272","166020"
"2358","2284","2284"
"2359","2284","2284"
"2360","2284","2284"
"2361","2284","2284"
"2362","2284","2284"
"2363","2284","57198"
"2364","2284","2284"
"2365","2284","2284"
"2366","2284","57198"
"2367","2284","166456"
"2368","2284","2284"
"2369","2284","166456"
"2370","2295","17692"
"2371","2297","167033"
"2372","2304","167689"
"2373","2304","28702"
"2374","2304","35945"
"2375","2304","167701"
"2376","2304","7221"
"2377","2304","167704"
"2378","2304","167707"
"2379","2304","69642"
"2380","2304","167712"
"2381","2304","71513"
"2382","2310","64670"
"2383","2322","168229"
"2384","2322","168231"
"2385","2324","168239"
"2386","2324","168240"
"2387","2328","5727"
"2388","2328","168275"
"2389","2328","168275"
"2390","2330","2330"
"2391","2340","2340"
"2392","2340","2340"
"2393","2340","168880"
"2394","2340","44668"
"2395","2340","44668"
"2396","2340","168881"
"2397","2342","132400"
"2398","2342","168912"
"2399","2342","44577"
"2400","2345","2345"
"2401","2345","15687"
"2402","2345","169063"
"2403","2345","57063"
"2404","2345","2345"
"2405","2345","2345"
"2406","2345","8728"
"2407","2345","80583"
"2408","2345","169109"
"2409","2351","169349"
"2410","2359","170011"
"2411","2362","165362"
"2412","2363","150884"
"2413","2385","2385"
"2414","2385","172787"
"2415","2385","172792"
"2416","2385","170414"
"2417","2385","172792"
"2418","2385","172801"
"2419","2385","172804"
"2420","2385","172807"
"2421","2385","172808"
"2422","2385","172809"
"2423","2386","172811"
"2424","2387","4971"
"2425","2387","2387"
"2426","2387","2387"
"2427","2387","2387"
"2428","2387","2387"
"2429","2387","2387"
"2430","2387","2387"
"2431","2387","2387"
"2432","2387","2387"
"2433","2387","2387"
"2434","2392","2392"
"2435","2392","2392"
"2436","2392","2392"
"2437","2398","2398"
"2438","2398","2398"
"2439","2398","2398"
"2440","2398","2398"
"2441","2398","2398"
"2442","2398","2398"
"2443","2398","2398"
"2444","2398","2398"
"2445","2398","2398"
"2446","2398","173233"
"2447","2400","173282"
"2448","2400","173287"
"2449","2400","170228"
"2450","2401","173467"
"2451","2406","173513"
"2452","2415","173637"
"2453","2415","66362"
"2454","2415","173645"
"2455","2415","173649"
"2456","2415","173654"
"2457","2415","173662"
"2458","2415","173663"
"2459","2425","2425"
"2460","2425","2425"
"2461","2425","2425"
"2462","2425","2425"
"2463","2443","174589"
"2464","2443","174589"
"2465","2443","174597"
"2466","2443","72417"
"2467","2448","174814"
"2468","2448","174814"
"2469","2449","96649"
"2470","2449","96649"
"2471","2449","69363"
"2472","2449","69363"
"2473","2449","174818"
"2474","2449","174818"
"2475","2449","2449"
"2476","2449","2449"
"2477","2449","91237"
"2478","2449","91237"
"2479","2449","174820"
"2480","2449","174821"
"2481","2449","174823"
"2482","2449","174822"
"2483","2449","174824"
"2484","2449","174825"
"2485","2449","2449"
"2486","2449","2449"
"2487","2449","2449"
"2488","2449","2449"
"2489","2451","174844"
"2490","2451","2451"
"2491","2451","174848"
"2492","2451","174852"
"2493","2451","174855"
"2494","2451","174860"
"2495","2462","175290"
"2496","2462","175301"
"2497","2462","22126"
"2498","2463","175343"
"2499","2463","43081"
"2500","2463","175344"
"2501","2463","175347"
"2502","2463","175349"
"2503","2463","175350"
"2504","2463","175352"
"2505","2466","37431"
"2506","2466","69363"
"2507","2466","109886"
"2508","2466","2466"
"2509","2466","2466"
"2510","2466","175545"
"2511","2466","175546"
"2512","2466","175548"
"2513","2466","175549"
"2514","2466","175551"
"2515","2469","100666"
"2516","2469","175573"
"2517","2469","175573"
"2518","2469","175580"
"2519","2478","2478"
"2520","2483","176124"
"2521","2483","176130"
"2522","2483","176130"
"2523","2483","176124"
"2524","2483","176156"
"2525","2483","176165"
"2526","2483","176172"
"2527","2483","176179"
"2528","2484","31387"
"2529","2484","31387"
"2530","2484","31387"
"2531","2486","2486"
"2532","2486","2532"
"2533","2489","59184"
"2534","2489","59184"
"2535","2489","176912"
"2536","2489","176911"
"2537","2489","1093"
"2538","2489","1093"
"2539","2489","1093"
"2540","2489","1093"
"2541","2489","19459"
"2542","2489","19459"
"2543","2489","7874"
"2544","2489","7874"
"2545","2489","23238"
"2546","2489","23238"
"2547","2489","23238"
"2548","2489","23238"
"2549","2489","69484"
"2550","2489","69484"
"2551","2489","69484"
"2552","2489","69484"
"2553","2493","938"
"2554","2496","2496"
"2555","2502","178135"
"2556","2502","4235"
"2557","2520","8982"
"2558","2531","178758"
"2559","2531","178758"
"2560","2531","20097"
"2561","2532","2532"
"2562","2532","2532"
"2563","2532","33500"
"2564","2532","146864"
"2565","2544","13963"
"2566","2544","13963"
"2567","2544","47207"
"2568","2544","2544"
"2569","2544","4970"
"2570","2544","179280"
"2571","2544","179281"
"2572","2544","35526"
"2573","2544","123933"
"2574","2544","3173"
"2575","2548","179295"
"2576","2548","179296"
"2577","2548","179297"
"2578","2548","179297"
"2579","2548","5700"
"2580","2563","13679"
"2581","2566","180257"
"2582","2574","7312"
"2583","2574","179534"
"2584","2577","51546"
"2585","2577","51546"
"2586","2578","104513"
"2587","2578","79946"
"2588","2578","61939"
"2589","2578","180661"
"2590","2578","180662"
"2591","2578","180663"
"2592","2578","77357"
"2593","2578","3461"
"2594","2578","180664"
"2595","2578","180665"
"2596","2583","86506"
"2597","2583","18388"
"2598","2583","77117"
"2599","2583","86622"
"2600","2585","180841"
"2601","2587","2587"
"2602","2587","2587"
"2603","2587","2587"
"2604","2587","42672"
"2605","2591","2591"
"2606","2591","2591"
"2607","2591","2591"
"2608","2598","13706"
"2609","2598","180980"
"2610","2598","180981"
"2611","2598","44579"
"2612","2598","111321"
"2613","2598","180982"
"2614","2598","25265"
"2615","2598","19425"
"2616","2598","39373"
"2617","2602","153881"
"2618","2601","39461"
"2619","2601","52594"
"2620","2602","180983"
"2621","2602","38758"
"2622","2602","165360"
"2623","2602","180984"
"2624","2610","181069"
"2625","2610","2229"
"2626","2610","139011"
"2627","2613","4165"
"2628","2615","36875"
"2629","2615","54395"
"2630","2615","181403"
"2631","2615","181404"
"2632","2615","81642"
"2633","2617","181405"
"2634","2624","36485"
"2635","2624","181625"
"2636","2644","25669"
"2637","2654","62346"
"2638","2654","183854"
"2639","2654","183855"
"2640","2654","36970"
"2641","2654","176156"
"2642","2654","176156"
"2643","2663","2663"
"2644","2663","184406"
"2645","2663","184407"
"2646","2663","76182"
"2647","2663","184413"
"2648","2663","166212"
"2649","2663","184417"
"2650","2663","103536"
"2651","2663","184418"
"2652","2666","2666"
"2653","2666","2666"
"2654","2666","184451"
"2655","2669","184477"
"2656","2680","185313"
"2657","2680","185323"
"2658","2680","185323"
"2659","2680","185336"
"2660","2680","142389"
"2661","2680","183046"
"2662","2680","183046"
"2663","2680","185363"
"2664","2693","186434"
"2665","2693","186441"
"2666","2693","186447"
"2667","2693","93621"
"2668","2693","186456"
"2669","2693","45849"
"2670","2710","187954"
"2671","2717","66077"
"2672","2739","49136"
"2673","2747","36537"
"2674","2751","189286"
"2675","2751","189287"
"2676","2751","136352"
"2677","2751","136352"
"2678","2759","62308"
"2679","2759","62189"
"2680","2759","189359"
"2681","2759","56681"
"2682","2759","35466"
"2683","2759","35466"
"2684","2759","14609"
"2685","2759","62308"
"2686","2759","189379"
"2687","2759","189380"
"2688","2760","189385"
"2689","2760","189396"
"2690","2760","2760"
"2691","2760","2760"
"2692","2760","189405"
"2693","2762","189463"
"2694","2762","189466"
"2695","2762","189466"
"2696","2762","189472"
"2697","2765","124061"
"2698","2771","39108"
"2699","2775","2775"
"2700","2775","2775"
"2701","2775","2775"
"2702","2775","190351"
"2703","2775","190354"
"2704","2779","10341"
"2705","2779","37894"
"2706","2779","37894"
"2707","2779","190455"
"2708","2779","190455"
"2709","2779","190455"
"2710","2779","190455"
"2711","2779","190455"
"2712","2779","190475"
"2713","2784","93662"
"2714","2784","190732"
"2715","2784","190740"
"2716","2784","2184"
"2717","2784","2184"
"2718","2784","2184"
"2719","2784","190752"
"2720","2785","2785"
"2721","2786","2786"
"2722","2786","2786"
"2723","2786","2786"
"2724","2786","2786"
"2725","2786","2786"
"2726","2786","2786"
"2727","2786","2786"
"2728","2786","15818"
"2729","2786","56493"
"2730","2786","2786"
"2731","2788","191427"
"2732","2789","16792"
"2733","2790","2790"
"2734","2799","192006"
"2735","2799","43218"
"2736","2799","4758"
"2737","2803","39369"
"2738","2803","37258"
"2739","2804","191996"
"2740","2804","191996"
"2741","2804","191996"
"2742","2804","191996"
"2743","2804","191996"
"2744","2804","191996"
"2745","2808","54391"
"2746","2808","54391"
"2747","2814","192372"
"2748","2814","192372"
"2749","2814","192373"
"2750","2814","192373"
"2751","2814","101889"
"2752","2814","101889"
"2753","2814","192374"
"2754","2814","192374"
"2755","2815","192382"
"2756","2815","192383"
"2757","2815","149510"
"2758","2815","149510"
"2759","2815","149510"
"2760","2815","149510"
"2761","2815","192400"
"2762","2815","192400"
"2763","2815","192400"
"2764","2815","192400"
"2765","2816","192405"
"2766","2816","192407"
"2767","2816","2816"
"2768","2816","192408"
"2769","2819","8050"
"2770","2819","192472"
"2771","2820","192538"
"2772","2824","2824"
"2773","2824","2824"
"2774","2824","192794"
"2775","2824","192799"
"2776","2824","192799"
"2777","2824","192816"
"2778","2824","2824"
"2779","2824","2824"
"2780","2824","2824"
"2781","2824","2824"
"2782","2825","192838"
"2783","2826","170228"
"2784","2827","44477"
"2785","2827","192947"
"2786","2827","2827"
"2787","2828","192959"
"2788","2828","192960"
"2789","2828","192961"
"2790","2828","192962"
"2791","2828","192963"
"2792","2828","192964"
"2793","2828","192965"
"2794","2828","192962"
"2795","2828","192966"
"2796","2828","192967"
"2797","2845","170878"
"2798","2851","197114"
"2799","2851","197115"
"2800","2851","197116"
"2801","2851","197117"
"2802","2851","197118"
"2803","2851","197119"
"2804","2851","197120"
"2805","2851","197121"
"2806","2851","197122"
"2807","2851","197123"
"2808","2855","197130"
"2809","2855","197131"
"2810","2855","193832"
"2811","2855","193832"
"2812","2855","197149"
"2813","2855","197149"
"2814","2855","197160"
"2815","2855","197149"
"2816","2855","197160"
"2817","2855","197172"
"2818","2859","197327"
"2819","2859","197327"
"2820","2859","197327"
"2821","2859","197327"
"2822","2859","197327"
"2823","2859","197327"
"2824","2863","197410"
"2825","2863","197411"
"2826","2863","197413"
"2827","2863","197413"
"2828","2863","197419"
"2829","2863","197423"
"2830","2863","197430"
"2831","2863","197434"
"2832","2863","2230"
"2833","2863","63265"
"2834","2866","2866"
"2835","2868","44665"
"2836","2868","122514"
"2837","2868","197615"
"2838","2868","126496"
"2839","2869","2827"
"2840","2870","197874"
"2841","2870","197875"
"2842","2870","2870"
"2843","2870","2824"
"2844","2873","69472"
"2845","2873","2873"
"2846","2873","2873"
"2847","2873","197878"
"2848","2873","2873"
"2849","2873","122879"
"2850","2887","136507"
"2851","2892","198468"
"2852","2892","198469"
"2853","2892","91237"
"2854","2892","198470"
"2855","2892","48342"
"2856","2892","2804"
"2857","2892","91237"
"2858","2892","42367"
"2859","2894","3393"
"2860","2894","18311"
"2861","2897","35842"
"2862","2897","35842"
"2863","2897","35842"
"2864","2900","42822"
"2865","2900","42822"
"2866","2907","198677"
"2867","2907","61843"
"2868","2907","61843"
"2869","2907","198689"
"2870","2907","2907"
"2871","2907","198695"
"2872","2907","2907"
"2873","2907","198699"
"2874","2907","198706"
"2875","2907","2907"
"2876","2910","163664"
"2877","2910","2910"
"2878","2910","58307"
"2879","2911","91925"
"2880","2912","8934"
"2881","2925","42822"
"2882","2929","79685"
"2883","2929","79685"
"2884","2929","79685"
"2885","2932","199746"
"2886","2940","199853"
"2887","2940","199858"
"2888","2940","199862"
"2889","2941","199897"
"2890","2941","199904"
"2891","2941","199904"
"2892","2941","27770"
"2893","2941","27770"
"2894","2941","199897"
"2895","2941","199897"
"2896","2941","199897"
"2897","2941","199897"
"2898","2941","199897"
"2899","2942","49683"
"2900","2943","200032"
"2901","2977","203814"
"2902","2977","203815"
"2903","2979","111011"
"2904","2979","111011"
"2905","2979","85609"
"2906","2979","85609"
"2907","2979","203839"
"2908","2979","203839"
"2909","2979","203844"
"2910","2979","203845"
"2911","2979","203848"
"2912","2979","203849"
"2913","2979","203855"
"2914","2979","203856"
"2915","2979","203862"
"2916","2979","203863"
"2917","2979","203865"
"2918","2979","203865"
"2919","2979","203866"
"2920","2979","203866"
"2921","2979","203871"
"2922","2979","203870"
"2923","2985","204040"
"2924","2985","204045"
"2925","2985","204049"
"2926","2985","204058"
"2927","2989","133118"
"2928","2989","133118"
"2929","2989","204350"
"2930","2989","204354"
"2931","2989","204350"
"2932","2989","204350"
"2933","2998","150278"
"2934","2998","150278"
"2935","2998","150278"
"2936","2998","182549"
"2937","2999","93329"
"2938","2999","153020"
"2939","2999","111321"
"2940","2999","44430"
"2941","2999","206167"
"2942","2999","44430"
"2943","2999","206167"
"2944","2999","44430"
"2945","2999","206167"
"2946","2999","206167"
"2947","3006","206338"
"2948","3006","206346"
"2949","3006","206351"
"2950","3006","176451"
"2951","3006","206361"
"2952","3006","206368"
"2953","3007","130521"
"2954","3007","206378"
"2955","3007","206386"
"2956","3007","206389"
"2957","3007","206389"
"2958","3008","206411"
"2959","3008","206413"
"2960","3008","206415"
"2961","3008","67976"
"2962","3008","206422"
"2963","3008","206423"
"2964","3008","206427"
"2965","3008","206429"
"2966","3008","40338"
"2967","3008","62467"
"2968","3012","3012"
"2969","3012","3012"
"2970","3012","207931"
"2971","3012","207931"
"2972","3012","3012"
"2973","3012","3012"
"2974","3012","3012"
"2975","3012","3012"
"2976","3012","3012"
"2977","3012","207932"
"2978","3015","207933"
"2979","3015","57980"
"2980","3015","1550"
"2981","3015","23238"
"2982","3015","62395"
"2983","3015","64258"
"2984","3015","64258"
"2985","3015","62186"
"2986","3015","207956"
"2987","3017","208112"
"2988","3018","169879"
"2989","3018","15022"
"2990","3033","210426"
"2991","3047","138807"
"2992","3047","56490"
"2993","3047","210627"
"2994","3047","210629"
"2995","3047","210634"
"2996","3047","210634"
"2997","3047","115351"
"2998","3058","27533"
"2999","3072","212837"
"3000","3072","212838"
"3001","3072","212839"
"3002","3072","59249"
"3003","3072","57444"
"3004","3072","212840"
"3005","3072","212841"
"3006","3072","57925"
"3007","3072","101665"
"3008","3072","212842"
"3009","3073","212843"
"3010","3077","21665"
"3011","3102","214116"
"3012","3105","120811"
"3013","3121","214364"
"3014","3121","214370"
"3015","3121","214370"
"3016","3121","214377"
"3017","3121","214384"
"3018","3121","214384"
"3019","3121","214384"
"3020","3121","214394"
"3021","3121","214398"
"3022","3121","5727"
"3023","3156","103496"
"3024","3156","103496"
"3025","3156","13706"
"3026","3156","217869"
"3027","3156","61705"
"3028","3156","27533"
"3029","3156","27533"
"3030","3172","3714"
"3031","3180","219994"
"3032","3186","3186"
"3033","3186","220088"
"3034","3186","220094"
"3035","3186","220100"
"3036","3186","3186"
"3037","3186","3186"
"3038","3186","3186"
"3039","3186","16014"
"3040","3186","16014"
"3041","3190","220213"
"3042","3190","124728"
"3043","3190","220226"
"3044","3190","220237"
"3045","3209","220613"
"3046","3210","220627"
"3047","3219","54365"
"3048","3219","86458"
"3049","3219","220763"
"3050","3219","220770"
"3051","3219","220774"
"3052","3219","220780"
"3053","3219","86430"
"3054","3219","8171"
"3055","3219","837"
"3056","3219","61081"
"3057","3224","221460"
"3058","3224","58212"
"3059","3224","62199"
"3060","3224","124161"
"3061","3224","221464"
"3062","3224","221464"
"3063","3224","221464"
"3064","3224","221464"
"3065","3239","225206"
"3066","3239","225208"
"3067","3239","225208"
"3068","3239","134611"
"3069","3239","3239"
"3070","3239","3239"
"3071","3241","225218"
"3072","3244","225242"
"3073","3256","64"
"3074","3256","116590"
"3075","3260","226115"
"3076","3260","226115"
"3077","3260","226115"
"3078","3265","226587"
"3079","3267","78868"
"3080","3267","37259"
"3081","3267","37259"
"3082","3267","226698"
"3083","3267","226701"
"3084","3267","226702"
"3085","3267","4268"
"3086","3267","226704"
"3087","3267","37259"
"3088","3267","5727"
"3089","3270","3012"
"3090","3270","51003"
"3091","3270","226738"
"3092","3270","226743"
"3093","3282","228169"
"3094","3282","228170"
"3095","3282","228172"
"3096","3282","228172"
"3097","3282","228176"
"3098","3303","229195"
"3099","3303","229198"
"3100","3303","229204"
"3101","3303","162406"
"3102","3306","68867"
"3103","3306","18677"
"3104","3315","229925"
"3105","3323","230155"
"3106","3323","230159"
"3107","3323","230155"
"3108","3324","93516"
"3109","3343","18720"
"3110","3362","231704"
"3111","3379","77205"
"3112","3386","68887"
"3113","3386","68887"
"3114","3386","233068"
"3115","3386","233070"
"3116","3386","233073"
"3117","3386","123899"
"3118","3386","123899"
"3119","3386","123899"
"3120","3386","123899"
"3121","3386","233078"
"3122","3390","233110"
"3123","3399","233395"
"3124","3399","233403"
"3125","3399","233403"
"3126","3414","45596"
"3127","3414","37081"
"3128","3414","234079"
"3129","3414","16663"
"3130","3414","234080"
"3131","3414","234080"
"3132","3414","5537"
"3133","3436","234404"
"3134","3436","56498"
"3135","3436","234418"
"3136","3436","56498"
"3137","3436","85609"
"3138","3436","234426"
"3139","3436","234438"
"3140","3436","93535"
"3141","3436","234443"
"3142","3436","234446"
"3143","3450","62142"
"3144","3450","36796"
"3145","3450","235373"
"3146","3450","235380"
"3147","3450","235390"
"3148","3450","235396"
"3149","3450","3450"
"3150","3450","235410"
"3151","3450","235414"
"3152","3450","235414"
"3153","3452","38571"
"3154","3452","35852"
"3155","3452","3452"
"3156","3452","33007"
"3157","3452","3452"
"3158","3452","33007"
"3159","3453","93329"
"3160","3453","235566"
"3161","3455","391"
"3162","3455","138256"
"3163","3455","171701"
"3164","3455","9080"
"3165","3455","87075"
"3166","3456","235796"
"3167","3458","235963"
"3168","3458","145672"
"3169","3458","235979"
"3170","3458","235979"
"3171","3461","898"
"3172","3498","238289"
"3173","3498","220237"
"3174","3498","63410"
"3175","3498","138060"
"3176","3498","61760"
"3177","3498","238292"
"3178","3498","57034"
"3179","3498","57034"
"3180","3498","57034"
"3181","3498","57034"
"3182","3503","5444"
"3183","3503","5444"
"3184","3504","238389"
"3185","3509","837"
"3186","3509","238592"
"3187","3509","238593"
"3188","3509","70"
"3189","3509","5444"
"3190","3509","70"
"3191","3509","69568"
"3192","3510","238615"
"3193","3520","3520"
"3194","3520","238948"
"3195","3520","238951"
"3196","3521","177980"
"3197","3521","71746"
"3198","3530","3530"
"3199","3530","14596"
"3200","3530","14596"
"3201","3530","39108"
"3202","3530","47292"
"3203","3530","47292"
"3204","3530","57923"
"3205","3530","26205"
"3206","3530","3530"
"3207","3530","26205"
"3208","3540","3540"
"3209","3540","3540"
"3210","3540","3540"
"3211","3540","3540"
"3212","3540","3540"
"3213","3540","3540"
"3214","3540","3540"
"3215","3540","77117"
"3216","3540","3540"
"3217","3540","3540"
"3218","3548","45175"
"3219","3548","45175"
"3220","3548","18107"
"3221","3548","239922"
"3222","3548","3548"
"3223","3548","3548"
"3224","3548","3548"
"3225","3554","18410"
"3226","3554","240225"
"3227","3554","116459"
"3228","3554","116459"
"3229","3554","124828"
"3230","3554","116459"
"3231","3554","143360"
"3232","3554","51715"
"3233","3554","27876"
"3234","3554","27876"
"3235","3562","3562"
"3236","3562","3562"
"3237","3562","3562"
"3238","3562","3562"
"3239","3562","3562"
"3240","3562","3562"
"3241","3562","3562"
"3242","3562","3562"
"3243","3562","3562"
"3244","3562","3562"
"3245","3563","243604"
"3246","3564","243650"
"3247","3564","164896"
"3248","3564","243651"
"3249","3564","221144"
"3250","3564","243658"
"3251","3564","243665"
"3252","3564","3787"
"3253","3564","221144"
"3254","3564","58029"
"3255","3564","58029"
"3256","3570","13112"
"3257","3570","244006"
"3258","3570","244009"
"3259","3570","244017"
"3260","3570","46814"
"3261","3570","244026"
"3262","3570","1088"
"3263","3570","244029"
"3264","3570","3570"
"3265","3570","244042"
"3266","3584","137652"
"3267","3584","137652"
"3268","3584","137652"
"3269","3587","3587"
"3270","3587","4886"
"3271","3587","4886"
"3272","3587","244663"
"3273","3587","4886"
"3274","3598","5444"
"3275","3608","3608"
"3276","3608","3608"
"3277","3608","3608"
"3278","3611","3611"
"3279","3611","3611"
"3280","3611","3611"
"3281","3611","3611"
"3282","3611","3611"
"3283","3611","3611"
"3284","3611","3611"
"3285","3611","3611"
"3286","3611","3611"
"3287","3611","3611"
"3288","3620","247183"
"3289","3620","3620"
"3290","3620","3620"
"3291","3625","247444"
"3292","3630","3360"
"3293","3630","3360"
"3294","3630","247803"
"3295","3630","37485"
"3296","3630","247825"
"3297","3651","39837"
"3298","3658","36519"
"3299","3658","249792"
"3300","3658","249792"
"3301","3658","16627"
"3302","3662","71956"
"3303","3662","71956"
"3304","3662","97326"
"3305","3664","110029"
"3306","3671","246182"
"3307","3671","36840"
"3308","3671","36855"
"3309","3671","36855"
"3310","3671","250472"
"3311","3671","250473"
"3312","3671","250475"
"3313","3671","72343"
"3314","3671","164334"
"3315","3671","250477"
"3316","3672","37785"
"3317","3689","3689"
"3318","3689","3689"
"3319","3689","2466"
"3320","3689","33335"
"3321","3689","22722"
"3322","3690","1550"
"3323","3690","252045"
"3324","3690","38509"
"3325","3690","38387"
"3326","3690","52817"
"3327","3690","167764"
"3328","3690","252085"
"3329","3690","252087"
"3330","3690","70798"
"3331","3690","3690"
"3332","3692","252168"
"3333","3692","37748"
"3334","3692","37748"
"3335","3692","56498"
"3336","3692","57936"
"3337","3692","252190"
"3338","3692","67821"
"3339","3692","252211"
"3340","3692","130624"
"3341","3692","56461"
"3342","3712","254377"
"3343","3712","254378"
"3344","3712","254381"
"3345","3712","254390"
"3346","3712","194060"
"3347","3712","254394"
"3348","3712","254406"
"3349","3712","254421"
"3350","3712","254429"
"3351","3712","254430"
"3352","3714","3714"
"3353","3714","3714"
"3354","3714","3714"
"3355","3714","14"
"3356","3714","3714"
"3357","3715","254496"
"3358","3715","254497"
"3359","3715","254498"
"3360","3715","254498"
"3361","3715","254517"
"3362","3715","254517"
"3363","3715","254517"
"3364","3723","35362"
"3365","3729","3729"
"3366","3729","3729"
"3367","3729","3729"
"3368","3729","3729"
"3369","3729","3729"
"3370","3729","3729"
"3371","3729","3729"
"3372","3729","3729"
"3373","3760","82040"
"3374","3760","13998"
"3375","3760","9636"
"3376","3760","3760"
"3377","3760","221060"
"3378","3760","17566"
"3379","3760","4623"
"3380","3760","10341"
"3381","3760","44339"
"3382","3760","47292"
"3383","3773","3773"
"3384","3773","3773"
"3385","3773","102085"
"3386","3773","256852"
"3387","3778","256992"
"3388","3778","256992"
"3389","3778","256992"
"3390","3805","258808"
"3391","3808","134757"
"3392","3808","18311"
"3393","3808","18311"
"3394","3808","3808"
"3395","3808","3808"
"3396","3808","3808"
"3397","3808","3808"
"3398","3808","72662"
"3399","3808","81283"
"3400","3815","259486"
"3401","3817","259691"
"3402","3824","71433"
"3403","3824","71433"
"3404","3861","262057"
"3405","3861","4037"
"3406","3861","4037"
"3407","3861","262064"
"3408","3861","1667"
"3409","3861","36970"
"3410","3861","1133"
"3411","3861","147356"
"3412","3861","147356"
"3413","3865","262145"
"3414","3865","262156"
"3415","3881","1199"
"3416","3881","65638"
"3417","3881","35704"
"3418","3883","3883"
"3419","3883","6313"
"3420","3893","36970"
"3421","3937","3937"
"3422","3938","43738"
"3423","3938","264952"
"3424","3938","264952"
"3425","3949","265064"
"3426","3957","3957"
